No,Category,Intensity Tier,Keywords,Trigger,Duration,Easing,Spring Params,CSS Snippet,Reduced Motion,GSAP Snippet,Framework Notes,Do,Don't,Performance Notes
1,Hover Micro-interaction,Subtle,"hover, button, opacity, lift, press feedback",hover,150-200ms,power1.out,"stiffness: 400, damping: 35, mass: 1 (snappy, no overshoot)","transition: transform 150ms cubic-bezier(0.25,0.46,0.45,0.94), opacity 150ms ease-out; /* :hover { transform: translateY(-1px); opacity: 0.9 } */","@media (prefers-reduced-motion: reduce) { transition-duration: 1ms; } - keep the opacity/color change, drop the translate","gsap.to(el, { y: -1, opacity: 0.9, duration: 0.15, ease: 'power1.out' });",Bind on mouseenter/mouseleave; in React wrap in a ref + useEffect (or onMouseEnter/onMouseLeave props directly calling gsap.to); Use matchMedia('(prefers-reduced-motion: reduce)') to skip non-essential motion and render the final state immediately,Keep displacement under 2px so it reads as feedback not motion,Don't animate layout-affecting props (width/height/margin) on hover,Runs on transform/opacity only so it stays on the compositor thread
2,Hover Micro-interaction,Standard,"hover, card, scale, tilt, cursor feedback",hover,200-300ms,power2.out,"stiffness: 300, damping: 30, mass: 1 (settles without bounce)","transition: transform 250ms cubic-bezier(0.215,0.61,0.355,1), box-shadow 250ms ease-out; /* :hover { transform: translateY(-4px) scale(1.02) } */","@media (prefers-reduced-motion: reduce) { transition: none; } - hold the hover state's final shadow, skip the lift","gsap.to(el, { y: -4, scale: 1.02, boxShadow: '0 12px 24px rgba(0,0,0,0.12)', duration: 0.25, ease: 'power2.out' });","Use gsap.quickTo(el, 'y') for cards with many hover targets to avoid re-creating tweens every event; Use matchMedia('(prefers-reduced-motion: reduce)') to skip non-essential motion and render the final state immediately",Pair with a matching mouseleave tween that reverses the same properties,Don't leave the hover state stuck if the pointer leaves fast; always attach the reverse tween,quickTo() avoids GC churn on lists with 20+ hoverable cards
3,Hover Micro-interaction,Complex,"hover, magnetic, cursor follow, 3d tilt, removable event listener cleanup",hover + mousemove,300-500ms,"elastic.out(1,0.4)","stiffness: 200, damping: 12, mass: 1 (visible overshoot, matches elastic.out)",Not expressible in one CSS transition - magnetic/3D tilt needs pointer math in JS. Use the spring params above with a transform written from a pointermove handler.,@media (prefers-reduced-motion: reduce) - skip entirely; do not attach the pointermove listener,"const onPointerMove = (e) => { const r = el.getBoundingClientRect(); xTo((e.clientX - r.left - r.width / 2) * 0.3); yTo((e.clientY - r.top - r.height / 2) * 0.3); }; el.addEventListener('pointermove', onPointerMove); return () => el.removeEventListener('pointermove', onPointerMove);",Keep a stable named pointer handler so cleanup removes the same function; in React/Vue return the removeEventListener cleanup; use gsap.matchMedia('(prefers-reduced-motion: reduce)') and render x/y at the final neutral state,Clamp the pull strength (e.g. * 0.3) so the element never fully leaves its hit box,Don't apply magnetic effect to more than 1-2 focal elements per screen; it becomes noisy,Use will-change: transform on the target element for smoother compositing
4,Scroll Reveal,Subtle,"scroll, fade in, reveal, on view",scroll (viewport enter),300-400ms,power1.out,"stiffness: 320, damping: 34, mass: 1","@keyframes reveal { from { opacity: 0; transform: translateY(12px) } } .reveal { animation: reveal 350ms cubic-bezier(0.25,0.46,0.45,0.94) both; } /* trigger with IntersectionObserver */",@media (prefers-reduced-motion: reduce) { .reveal { animation: none; opacity: 1; transform: none } } - content must end visible,"gsap.from(el, { opacity: 0, y: 12, duration: 0.35, ease: 'power1.out', scrollTrigger: { trigger: el, start: 'top 90%', toggleActions: 'play none none reverse' } });",Requires the ScrollTrigger plugin registered once via gsap.registerPlugin(ScrollTrigger); Use matchMedia('(prefers-reduced-motion: reduce)') to skip non-essential motion and render the final state immediately,"Keep the y offset small (8-16px) so it reads as a fade, not a slide",Don't reveal below-the-fold content needed for SEO/crawlers as invisible-by-default without a no-JS fallback,toggleActions 'play none none reverse' avoids re-triggering on every scroll direction change
5,Scroll Reveal,Standard,"scroll, slide up, staggered section, reveal",scroll (viewport enter),400-600ms,power2.out,"stiffness: 260, damping: 28, mass: 1","@keyframes reveal-up { from { opacity: 0; transform: translateY(24px) } } .reveal-up { animation: reveal-up 500ms cubic-bezier(0.215,0.61,0.355,1) both; } /* stagger via animation-delay */",@media (prefers-reduced-motion: reduce) { .reveal-up { animation: none; opacity: 1; transform: none } },"gsap.from(el.children, { opacity: 0, y: 24, duration: 0.5, stagger: 0.08, ease: 'power2.out', scrollTrigger: { trigger: el, start: 'top 85%' } });","In React use useGSAP(() => {...}, { scope: containerRef }) from @gsap/react to auto-cleanup on unmount; Use matchMedia('(prefers-reduced-motion: reduce)') to skip non-essential motion and render the final state immediately",Scope the ScrollTrigger to the section container so it doesn't re-scan the whole page,Don't stagger more than ~8 children; beyond that the last items feel laggy,Set scroller/markers: false in production; markers is dev-only
6,Scroll Reveal,Complex,"scroll, pin, scrub, storytelling, scrollytelling",scroll (continuous scrub),tied to scroll position,none (scrub-driven),"n/a - scrub-driven; position is bound to scroll, not to a physics model",animation-timeline: view(); animation-range: entry 0% cover 40%; /* CSS scroll-driven animations; no JS. Check support before relying on it. */,@media (prefers-reduced-motion: reduce) - disable the pin/scrub and present the section as static content in reading order,"gsap.timeline({ scrollTrigger: { trigger: section, start: 'top top', end: '+=150%', scrub: 1, pin: true } }).from('.headline', { opacity: 0, y: 40 }).to('.bg-layer', { yPercent: -20 }, '<');",Pinning needs the section to have deterministic height; recalc ScrollTrigger.refresh() after images/fonts load; Use matchMedia('(prefers-reduced-motion: reduce)') to skip non-essential motion and render the final state immediately,Use scrub: true or a small number (0.5-1.5) instead of instant jumps so it feels tied to the scrollbar,Don't pin more than 1-2 sections per page; excessive pinning fights native scroll feel and hurts mobile UX,"Pinning forces layout reflow; test on mid-tier mobile devices, not just desktop"
7,Stagger List,Subtle,"list, stagger, cards, grid entrance",load or scroll,250-350ms,power1.out,"stiffness: 320, damping: 34, mass: 1; stagger 30ms per item",.list-item { animation: reveal 300ms ease-out both } .list-item:nth-child(n) { animation-delay: calc(var(--i) * 30ms) } /* set --i per item */,"@media (prefers-reduced-motion: reduce) { .list-item { animation: none; opacity: 1 } } - drop the delay too, or the list appears to hang","gsap.from('.list-item', { opacity: 0, y: 8, duration: 0.3, stagger: 0.03 });",Select items with a stable class/data-attribute (not array index) so re-renders in React don't break targeting; Use matchMedia('(prefers-reduced-motion: reduce)') to skip non-essential motion and render the final state immediately,Keep per-item stagger delay small (0.02-0.04s) for lists longer than 10 items,Don't stagger by more than 0.1s per item on long lists; total reveal time becomes sluggish,"For virtualized lists, only animate items currently mounted in the DOM"
8,Stagger List,Standard,"grid, bento, cards, staggered scale",load or scroll,300-450ms,back.out(1.4),"stiffness: 280, damping: 18, mass: 1 (overshoots, matching back.out(1.4))",".grid-item { animation: pop 400ms cubic-bezier(0.175,0.885,0.32,1.275) both; animation-delay: calc(var(--i) * 60ms) } @keyframes pop { from { opacity: 0; transform: scale(0.92) translateY(16px) } }",@media (prefers-reduced-motion: reduce) { .grid-item { animation: none; opacity: 1; transform: none } },"gsap.from('.grid-item', { opacity: 0, scale: 0.92, y: 16, duration: 0.4, stagger: { each: 0.06, from: 'start', grid: 'auto' }, ease: 'back.out(1.4)' });",grid: 'auto' lets GSAP infer rows/columns from a CSS grid layout for a natural wave stagger; Use matchMedia('(prefers-reduced-motion: reduce)') to skip non-essential motion and render the final state immediately,Combine with from: 'center' for a bento-grid layout to draw the eye inward first,Don't use back.out on dense data tables; the overshoot reads as sloppy on informational UI,Group DOM writes; avoid interleaving layout reads (getBoundingClientRect) between staggered tweens
9,Stagger List,Complex,"stagger, wave, text reveal, split text",load or scroll,400-700ms,expo.out,"stiffness: 240, damping: 26, mass: 1; stagger 20ms per character","Per-character reveal needs the text split into elements first (JS or build step). Once split: .char { animation: reveal 500ms cubic-bezier(0.19,1,0.22,1) both; animation-delay: calc(var(--i) * 20ms) }",@media (prefers-reduced-motion: reduce) - do not split the text at all; leave the heading as one accessible string,"const split = new SplitText(headline, { type: 'chars' }); gsap.from(split.chars, { opacity: 0, y: 20, rotateX: -40, duration: 0.6, stagger: 0.015, ease: 'expo.out' });","SplitText is included with GSAP 3.13+; register it before use, review the current GSAP license, and keep a plain-text fade fallback; Use gsap.matchMedia('(prefers-reduced-motion: reduce)') to skip character motion and render the readable final state immediately",Revert SplitText on unmount/cleanup (split.revert()) to restore original text nodes for accessibility tools,Don't split-animate long paragraphs; reserve for short headlines (under ~8 words),Splitting text creates one element per character; keep it to headline-length copy only for DOM size
10,Page Transition,Subtle,"route change, fade, page transition",route change,200-300ms,power1.inOut,"stiffness: 300, damping: 32, mass: 1","@view-transition { navigation: auto; } ::view-transition-old(root) { animation: fade-out 200ms cubic-bezier(0.455,0.03,0.515,0.955) } /* native View Transitions */",@media (prefers-reduced-motion: reduce) { ::view-transition-group(*) { animation: none } } - navigate instantly,"gsap.to(main, { opacity: 0, duration: 0.2, onComplete: () => { navigate(); gsap.fromTo(main, { opacity: 0 }, { opacity: 1, duration: 0.2 }); } });","Pair with the router's transition hooks (Next.js App Router transitions, React Router's useNavigate, Vue Router's beforeEach/afterEach); Use matchMedia('(prefers-reduced-motion: reduce)') to skip non-essential motion and render the final state immediately",Preload the destination route's critical assets before the exit tween finishes,Don't block navigation on animation; cap exit duration at ~250ms so the app never feels unresponsive,Exit animation should always resolve faster than entrance (asymmetric timing) so back/forward feels snappy
11,Page Transition,Standard,"route change, slide, overlay wipe",route change,400-600ms,power2.inOut,"stiffness: 250, damping: 30, mass: 1",".transition-overlay { transition: transform 500ms cubic-bezier(0.645,0.045,0.355,1); transform: translateY(100%) } .transition-overlay.active { transform: translateY(0) }",@media (prefers-reduced-motion: reduce) - cross-fade at 1ms or skip the overlay entirely,"const tl = gsap.timeline(); tl.to('.transition-overlay', { yPercent: 0, duration: 0.4, ease: 'power2.inOut' }).call(navigate).to('.transition-overlay', { yPercent: -100, duration: 0.4, ease: 'power2.inOut', delay: 0.1 });",Keep the overlay element mounted at the layout root (outside the page component) so it survives the route swap; Use matchMedia('(prefers-reduced-motion: reduce)') to skip non-essential motion and render the final state immediately,Show a lightweight loading indicator if the destination route's data fetch outlasts the overlay,Don't tie the overlay's reveal directly to data-fetch completion without a max-wait timeout; a slow API stalls the whole transition,Prefer CSS transform (yPercent) over top/left to keep the overlay animation on the compositor thread
12,Page Transition,Complex,"shared element, morph, hero transition",route change,500-800ms,expo.inOut,"stiffness: 200, damping: 28, mass: 1.1 (heavier, for a large shared element)","::view-transition-old(hero), ::view-transition-new(hero) { animation-duration: 600ms; animation-timing-function: cubic-bezier(1,0,0,1) } /* view-transition-name: hero on both */",@media (prefers-reduced-motion: reduce) - drop the shared-element morph; a plain cut is correct,"const state = Flip.getState('.hero-image'); navigate(); Flip.from(state, { duration: 0.6, ease: 'expo.inOut', absolute: true, zIndex: 100 });",Requires the GSAP Flip plugin; the 'from' and 'to' route must render the same element with a shared data-flip-id; Use matchMedia('(prefers-reduced-motion: reduce)') to skip non-essential motion and render the final state immediately,Verify the shared element exists in both DOM states before calling Flip.from to avoid a silent no-op,Don't use shared-element transitions across more than one element pair per navigation; compounding Flips are hard to time correctly,Flip recalculates layout (FLIP technique) so test on low-end devices for jank
13,Parallax Scroll,Subtle,"parallax, background, depth, scroll speed",scroll (continuous),tied to scroll position,linear (scrub),"n/a - scrub-driven; position is bound to scroll, not to a physics model",.bg-layer { animation: drift linear both; animation-timeline: scroll(); } @keyframes drift { to { transform: translateY(10%) } },@media (prefers-reduced-motion: reduce) { .bg-layer { animation: none; transform: none } } - parallax is a common vestibular trigger,"gsap.to('.bg-layer', { yPercent: 10, ease: 'none', scrollTrigger: { trigger: section, scrub: true } });","Apply parallax to background/decorative layers only, never to text or interactive controls; Use matchMedia('(prefers-reduced-motion: reduce)') to skip non-essential motion and render the final state immediately",Keep the yPercent delta small (5-15) so foreground and background never desync distractingly,Don't parallax body copy; it hurts reading comfort and can trigger motion sickness,will-change: transform on the parallax layer only; remove it after scroll settles to free GPU memory
14,Parallax Scroll,Standard,"multi-layer parallax, depth, hero background",scroll (continuous),tied to scroll position,linear (scrub),"n/a - scrub-driven; position is bound to scroll, not to a physics model",".parallax-layer { animation: drift linear both; animation-timeline: scroll(); animation-range: entry cover; } /* one layer per depth, differing translate distances */",@media (prefers-reduced-motion: reduce) { .parallax-layer { animation: none; transform: none } } - flatten every layer,"gsap.utils.toArray('.parallax-layer').forEach((layer, i) => { gsap.to(layer, { yPercent: (i + 1) * -8, ease: 'none', scrollTrigger: { trigger: layer.parentElement, scrub: 0.5 } }); });",Layer count beyond 3-4 has diminishing visual return and multiplies scroll-listener cost; Use matchMedia('(prefers-reduced-motion: reduce)') to skip non-essential motion and render the final state immediately,"Vary speed per layer (background slowest, foreground fastest) to sell the depth illusion",Don't let parallax layers overflow their container; clip with overflow: hidden on the wrapper,Batch all layers under one ScrollTrigger container where possible instead of one per layer
15,Loading / Skeleton,Subtle,"loading, skeleton, shimmer, pulse, stop animation offscreen, visibility pause, reduced motion final state",on mount / async wait,1200-1600ms loop,sine.inOut,"n/a - continuous loop; use a duration, not a spring","@keyframes shimmer { 50% { opacity: 0.6 } } .skeleton { animation: shimmer 1400ms cubic-bezier(0.445,0.05,0.55,0.95) infinite }","@media (prefers-reduced-motion: reduce) { .skeleton { animation: none; opacity: 0.6 } } - hold a static mid-state, never a blank box","const tween = gsap.to('.skeleton', { backgroundPosition: '200% 0', duration: 1.4, ease: 'sine.inOut', repeat: -1 }); return () => tween.kill();",Kill the tween when content mounts or the component unmounts; pause it when its IntersectionObserver reports offscreen or document.visibilityState is hidden; when '(prefers-reduced-motion: reduce)' matches kill the tween and set the final static skeleton state,Use a CSS gradient background-position sweep rather than opacity pulsing; reads as 'loading' more clearly,Don't run more than one shimmer loop per skeleton group; sync them under one timeline so the wave reads as a single unit,repeat: -1 tweens are cheap but must be explicitly killed on unmount or they leak in SPA route changes
16,Loading / Skeleton,Standard,"progress, spinner, morphing loader, stop animation offscreen, visibility pause, timer cleanup, reduced motion final state",on mount / async wait,800-1200ms loop,power1.inOut,"n/a - continuous loop; use a duration, not a spring",@keyframes spin { to { transform: rotate(360deg) } } .spinner { animation: spin 1000ms linear infinite },@media (prefers-reduced-motion: reduce) { .spinner { animation: none } } - swap to a static indicator plus a text status; keep aria-live,"const tl = gsap.timeline({ repeat: -1 }).to('.loader-dot', { y: -8, duration: 0.4, stagger: { each: 0.15, yoyo: true, repeat: 1 } }); const onVisibility = () => document.hidden ? tl.pause() : tl.resume(); document.addEventListener('visibilitychange', onVisibility); return () => { document.removeEventListener('visibilitychange', onVisibility); tl.kill(); };",In React use useGSAP scope for tween cleanup; add IntersectionObserver pause/resume when the loader is offscreen; when '(prefers-reduced-motion: reduce)' matches kill the loop and show the final static loading state,Cap total loop duration under ~1.5s so long waits don't feel like the UI froze on a single beat,Don't use elaborate loaders for sub-300ms waits; they flash and feel worse than no indicator,Pause the timeline (tl.pause()) when the loading tab/view is not visible to save CPU on background tabs
17,Carousel / Auto-Rotation,Standard,"carousel, auto-rotate, pause, focus, hover, reduced-motion, stop animation offscreen, visibility pause, timer cleanup, final state",timer / focus / hover / visibility,user-controlled or stopped,none,"n/a - timer-driven; advance is a discrete step, not an animation","No CSS-only version: auto-rotation needs a timer that pauses on hover, focus and tab-hide. Drive slide changes from JS and let CSS handle only the per-slide transition.",@media (prefers-reduced-motion: reduce) - do not auto-advance at all; require an explicit user action (WCAG 2.2.2),"const reduced = matchMedia('(prefers-reduced-motion: reduce)'); let timer; let onscreen = true; const stop = () => { clearInterval(timer); timer = undefined; }; const start = () => { stop(); if (!reduced.matches && !document.hidden && onscreen) timer = setInterval(nextSlide, 5000); }; const sync = () => reduced.matches ? (stop(), showSlide(activeIndex)) : start(); const observer = new IntersectionObserver(([entry]) => { onscreen = entry.isIntersecting; onscreen ? sync() : stop(); }); const onVisibility = () => document.hidden ? stop() : sync(); observer.observe(root); root.addEventListener('focusin', stop); root.addEventListener('pointerenter', stop); document.addEventListener('visibilitychange', onVisibility); reduced.addEventListener('change', sync); sync(); return () => { stop(); observer.disconnect(); root.removeEventListener('focusin', stop); root.removeEventListener('pointerenter', stop); document.removeEventListener('visibilitychange', onVisibility); reduced.removeEventListener('change', sync); };","Use one cancellable timer; pause on focus, hover, offscreen, or hidden visibility; remove every listener and clear the timer on unmount; reduced motion stops rotation and renders the active slide as the final state",Provide previous/next and play/pause controls; announce the current slide without moving focus,Don't auto-advance without a visible stop control or continue while focus is inside,IntersectionObserver stops animation offscreen; visibilitychange stops hidden-tab work; cleanup disconnects the observer and clears the timer and listeners
